main_activity,clustered,tilt_subsector
agent/ representative,access control equipment,Construction Buildings
agent/ representative,access control system,Construction Buildings
agent/ representative,accessories,Automotive LDV
agent/ representative,accessories for sailing boats,Shipping
agent/ representative,acid oil,Food Related Products
agent/ representative,advice on buying real estate,Other Metals
agent/ representative,advice on selling real estate,Other Transport
agent/ representative,advice$evaluation of current conditions$free quotes,Other Transport
agent/ representative,affiliate marketing agency,Total Energy
agent/ representative,agents,Agriculture & Livestock
agent/ representative,agricultural accessories,Machinery & Equipment
agent/ representative,agricultural equipment,Construction Residential
agent/ representative,agricultural machines,Machinery & Equipment
agent/ representative,agricultural products,Agriculture & Livestock
agent/ representative,agriculture,Agriculture & Livestock
agent/ representative,air filters,Shipping
agent/ representative,"airlines, passenger services",Other Transport
agent/ representative,al products,Food Related Products
agent/ representative,alabaster for construction work,Other Non-metallic Minerals
agent/ representative,amber,Food Related Products
agent/ representative,aprons for cooks,Food Related Products
agent/ representative,auto parts,Construction Residential
agent/ representative,automatic devices for car parks,Construction Buildings
agent/ representative,automatic retractable bollard,Construction Buildings
agent/ representative,automobile dealer,Automotive LDV
agent/ representative,automobile junkyard,Automotive HDV
agent/ representative,autopilot,Shipping
agent/ representative,bakery ovens,Machinery & Equipment
agent/ representative,ball bearing,Construction Residential
agent/ representative,bar,Iron & Steel
agent/ representative,bar equipment,Food Related Products
agent/ representative,bardan autohandel gmbh,Automotive LDV
agent/ representative,bars machinery,Machinery & Equipment
agent/ representative,"bases, inorganic",Agriculture & Livestock
agent/ representative,"bead, wooden",Agriculture & Livestock
agent/ representative,beauty articles,Other Industry
agent/ representative,beauty slimming - fitness health,Food Related Products
agent/ representative,beauty supplies,Other Industry
agent/ representative,beverage additives,Food Related Products
agent/ representative,beverages retail,Food Related Products
agent/ representative,beverages wholesale,Food Related Products
agent/ representative,bidet seats,Construction Residential
agent/ representative,biodynamic agriculture,Agriculture & Livestock
agent/ representative,boat accessory,Shipping
agent/ representative,bottom pressure vessels,Other Transport
agent/ representative,broker,Food Related Products
agent/ representative,bulk used clothes,Other Transport
agent/ representative,bus lines,Other Transport
agent/ representative,bus rental,Other Transport
agent/ representative,business transactions,Shipping
agent/ representative,business travel,Other Transport
agent/ representative,buy car,Automotive LDV
agent/ representative,buying,Machinery & Equipment
agent/ representative,by-products,Total Energy
agent/ representative,cafés equipment,Food Related Products
agent/ representative,cafés machinery,Machinery & Equipment
agent/ representative,camping accessories,Other Transport
agent/ representative,canned food,Food Related Products
agent/ representative,canned vegetable,Food Related Products
agent/ representative,car,Automotive LDV
agent/ representative,car bodyshop,Automotive LDV
agent/ representative,car breakers,Automotive HDV
agent/ representative,car component,Automotive LDV
agent/ representative,car dealer,Automotive LDV
agent/ representative,car dealership,Automotive LDV
agent/ representative,car deodorant,Automotive HDV
agent/ representative,car filters,Machinery & Equipment
agent/ representative,car hire for functions,Other Transport
agent/ representative,car insurance,Automotive HDV
agent/ representative,car park,Construction Buildings
agent/ representative,car parts,Automotive HDV
agent/ representative,car rental,Automotive HDV
agent/ representative,car rental in marbella barcelona car rental with driver in marbella,Other Transport
agent/ representative,car rental with driver marbella malacca tour guide,Other Transport
agent/ representative,car spare part,Automotive HDV
agent/ representative,car workshop,Automotive LDV
agent/ representative,caravans,Automotive LDV
agent/ representative,"cars, electrical parts",Automotive LDV
agent/ representative,cattle food supplements,Agriculture & Livestock
agent/ representative,central purchasing office,Oil Energy
agent/ representative,ceramics for coatings,Construction Buildings
agent/ representative,cereals and grains,Food Related Products
agent/ representative,charter boat rental,Shipping
agent/ representative,chocolate,Food Related Products
agent/ representative,"chocolates, filled",Food Related Products
agent/ representative,clothing,Fishing & Forestry
agent/ representative,coach,Machinery & Equipment
agent/ representative,coach rental,Other Transport
agent/ representative,coaches with toilet,Machinery & Equipment
agent/ representative,coir geotextiles,Construction Residential
agent/ representative,coke,Agriculture & Livestock
agent/ representative,commercial activities,Food Related Products
agent/ representative,commercial intermediate,Oil Energy
agent/ representative,commercial representation service,Other Industry
agent/ representative,components for industrial equipment,Machinery & Equipment
agent/ representative,"compounds, inorganic",Agriculture & Livestock
agent/ representative,condiments,Food Related Products
agent/ representative,construction,Construction Buildings
agent/ representative,construction machinery,Machinery & Equipment
agent/ representative,consulting,Total Energy
agent/ representative,controls for marine equipment,Shipping
agent/ representative,cooks,Food Related Products
agent/ representative,cosmetic,Other Industry
agent/ representative,cricket protein bar,Agriculture & Livestock
agent/ representative,"crockery, porcelain",Construction Buildings
agent/ representative,crystalware gifts,Construction Buildings
agent/ representative,customised beauty accessories,Food Related Products
agent/ representative,cut diamonds,A: Other Metals
agent/ representative,cynlindrical tanks,Machinery & Equipment
agent/ representative,"date, organic",Food Related Products
agent/ representative,deep-freezing equipment,Food Related Products
agent/ representative,deep-freezing systems,Food Related Products
agent/ representative,deli meats,Food Related Products
agent/ representative,deutsche occasion,Automotive HDV
agent/ representative,deutsche occasion avis,Other Transport
agent/ representative,deutsche occasion voitures,Automotive HDV
agent/ representative,diamonds,A: Other Metals
agent/ representative,diamonds bought,A: Other Metals
agent/ representative,diamonds sold,A: Other Metals
agent/ representative,diesel engines for farm machinery,Shipping
agent/ representative,disposable medical articles,Construction Residential
agent/ representative,disposable surgical articles,Construction Residential
agent/ representative,distribution in portugal,Gas Energy
agent/ representative,distribution in spanish territory,Gas Energy
agent/ representative,dressed pork factory products,Food Related Products
agent/ representative,driver in marbella$driver in barcelona$driver in madrid,Other Transport
agent/ representative,early wine,Food Related Products
agent/ representative,egg powder products,Food Related Products
agent/ representative,egg whites,Food Related Products
agent/ representative,"egg yolks, dried",Food Related Products
agent/ representative,electric car,Automotive LDV
agent/ representative,electric cars for amusement parks,Automotive LDV
agent/ representative,endurance bikes,Automotive LDV
agent/ representative,equipment for drying car paints,Automotive HDV
agent/ representative,"essences, nonfood",Agriculture & Livestock
agent/ representative,euro car,Automotive LDV
agent/ representative,excursion breaks,Machinery & Equipment
agent/ representative,exhaust fans for car washes,Automotive HDV
agent/ representative,exhibitions organisation,Machinery & Equipment
agent/ representative,export,Total Power
agent/ representative,export milk powder,Agriculture & Livestock
agent/ representative,export planning,Food Related Products
agent/ representative,export pulses,Agriculture & Livestock
agent/ representative,export service,Total Power
agent/ representative,export vegetable,Agriculture & Livestock
agent/ representative,extract,Food Related Products
agent/ representative,extracts food supplements drinks bakery nutraceuticals,Food Related Products
agent/ representative,farming machinery manufacturer,Agriculture & Livestock
agent/ representative,fine wines,Food Related Products
agent/ representative,floristry,Agriculture & Livestock
agent/ representative,flour milling equipment,Machinery & Equipment
agent/ representative,flour milling machinery,Machinery & Equipment
agent/ representative,food,Food Related Products
agent/ representative,food additives,Food Related Products
agent/ representative,food industry,Food Related Products
agent/ representative,food industry equipment,Machinery & Equipment
agent/ representative,food industry machines,Machinery & Equipment
agent/ representative,food industry packaging machinery,Machinery & Equipment
agent/ representative,food processing,Food Related Products
agent/ representative,food product agents,Food Related Products
agent/ representative,food product representatives,Food Related Products
agent/ representative,"food products, ethnic,",Food Related Products
agent/ representative,"food products, oriental",Food Related Products
agent/ representative,food retail,Food Related Products
agent/ representative,food specialities,Food Related Products
agent/ representative,food supplement,Food Related Products
agent/ representative,"foods, health",Food Related Products
agent/ representative,"foods, precooked",Food Related Products
agent/ representative,"fragrances, nonfood",Food Related Products
agent/ representative,freezing equipment,Food Related Products
agent/ representative,freezing systems,Food Related Products
agent/ representative,freezing tunnels,Food Related Products
agent/ representative,fresh fruit,Agriculture & Livestock
agent/ representative,freshly squeezed orange juice,Agriculture & Livestock
agent/ representative,friction couplings,Construction Residential
agent/ representative,frozen egg products,Food Related Products
agent/ representative,frozen egg products for institutional catering,Food Related Products
agent/ representative,frozen fish export,Food Related Products
agent/ representative,frozen pork,Agriculture & Livestock
agent/ representative,fruit,Food Related Products
agent/ representative,fruit export,Agriculture & Livestock
agent/ representative,fruit juices,Agriculture & Livestock
agent/ representative,fruit preserves,Agriculture & Livestock
agent/ representative,fruit squeezers,Machinery & Equipment
agent/ representative,fruit trade,Agriculture & Livestock
agent/ representative,fruits import export,Agriculture & Livestock
agent/ representative,fuel filling,Oil Energy
agent/ representative,furnishing,Shipping
agent/ representative,galvanization,Iron & Steel
agent/ representative,gastronomic specialties,Food Related Products
agent/ representative,glass bending,Construction Residential
agent/ representative,glass bottle,Construction Residential
agent/ representative,glass jars,Construction Residential
agent/ representative,glass tableware,Construction Buildings
agent/ representative,gold bars,Other Metals
agent/ representative,gold for goldsmiths,Other Metals
agent/ representative,gold refinery,Other Metals
agent/ representative,goldreedpro,Automotive HDV
agent/ representative,gourmet foods,Food Related Products
agent/ representative,grain,Agriculture & Livestock
agent/ representative,graphite electrodes,Iron & Steel
agent/ representative,greenhouse plant,Agriculture & Livestock
agent/ representative,group tour organisation,Machinery & Equipment
agent/ representative,group travel,Other Transport
agent/ representative,ham,Food Related Products
agent/ representative,harbour design,Shipping
agent/ representative,hardware for furniture,Construction Residential
agent/ representative,health insurance,A: Agriculture & Livest
agent/ representative,heinzmann,Automotive LDV
agent/ representative,heliographs,Construction Buildings
agent/ representative,home-made beer,Food Related Products
agent/ representative,honey,Agriculture & Livestock
agent/ representative,hotel equipment,Machinery & Equipment
agent/ representative,hotels machinery,Machinery & Equipment
agent/ representative,houseboats,Construction Buildings
agent/ representative,immune system enhancer,Food Related Products
agent/ representative,import,Oil Energy
agent/ representative,import export agents,Other Transport
agent/ representative,import pulses,Agriculture & Livestock
agent/ representative,import service,Oil Energy
agent/ representative,import-export assistance,Oil Energy
agent/ representative,import-export energy,Total Energy
agent/ representative,import-export raw materials,Total Energy
agent/ representative,indoor plants,Agriculture & Livestock
agent/ representative,industrial chemicals pigments solvents caustic soda tdi,A: Agriculture & Livestock
agent/ representative,"industrial equipment, parts",Machinery & Equipment
agent/ representative,industrial freezing equipment,Other Industry
agent/ representative,industry cleaner,Agriculture & Livestock
agent/ representative,inflatable dinghy,Shipping
agent/ representative,instruments for marine equipment,Shipping
agent/ representative,insurance,Automotive HDV
agent/ representative,insurance agents,Other Transport
agent/ representative,insurance for accidents,A: Agriculture & Livestock
agent/ representative,intermediation,Construction Buildings
agent/ representative,international trade,Iron & Steel
agent/ representative,international trade consultants,Construction Residential
agent/ representative,international travel,Other Transport
agent/ representative,irrigation systems,Machinery & Equipment
agent/ representative,it services,Other Industry
agent/ representative,it solutions,Other Industry
agent/ representative,italian cherries,Food Related Products
agent/ representative,italian food,Food Related Products
agent/ representative,italian wine,A: Agriculture & Livestock
agent/ representative,jet fuel,Oil Energy
agent/ representative,leasing,Other Transport
agent/ representative,liquid egg yolk,Food Related Products
agent/ representative,liquorice,Food Related Products
agent/ representative,lorries,Machinery & Equipment
agent/ representative,lotus diamonds,A: Other Metals
agent/ representative,machine,Gas Energy
agent/ representative,machine shop,Automotive HDV
agent/ representative,maintenance of speeds regulators,Shipping
agent/ representative,mandate,Oil Energy
agent/ representative,manufacturers agents,Agriculture & Livestock
agent/ representative,manufacturers representatives,Agriculture & Livestock
agent/ representative,margarine,Food Related Products
agent/ representative,marine charts,Shipping
agent/ representative,marine surveyor,Shipping
agent/ representative,maritime freight,Shipping
agent/ representative,marketing,Agriculture & Livestock
agent/ representative,meat choppers,Machinery & Equipment
agent/ representative,meat grinders,Machinery & Equipment
agent/ representative,mechanical engineering,Other Industry
agent/ representative,medicinal herb,Agriculture & Livestock
agent/ representative,metal,Iron & Steel
agent/ representative,metal container,Other Metals
agent/ representative,motor-boats,Shipping
agent/ representative,motorboat hire,Shipping
agent/ representative,motorboats,Shipping
agent/ representative,motorcycle accessories,Automotive LDV
agent/ representative,motorcycle helmets,Machinery & Equipment
agent/ representative,multipurpose grease,Shipping
agent/ representative,mycorrhiza,Agriculture & Livestock
agent/ representative,nuts,Food Related Products
agent/ representative,oil,Oil Energy
agent/ representative,oil for food use,Food Related Products
agent/ representative,oil products,Total Energy
agent/ representative,on-line boutique,Construction Buildings
agent/ representative,one-way clutches,Construction Residential
agent/ representative,"ores, non-ferrous",Other Metals
agent/ representative,organic,Agriculture & Livestock
agent/ representative,organic farming,Agriculture & Livestock
agent/ representative,organic food,Agriculture & Livestock
agent/ representative,organic garlic,Food Related Products
agent/ representative,osenum,Food Related Products
agent/ representative,parallelpiped tanks,Machinery & Equipment
agent/ representative,parking lots - equipment,Construction Buildings
agent/ representative,parking meters,Construction Buildings
agent/ representative,pet food,Agriculture & Livestock
agent/ representative,petroleum additives,Oil Energy
agent/ representative,pharmaceutical intermediates vitamines antibiotics laxants,Agriculture & Livestock
agent/ representative,pharmaceuticals – import-export,Other Industry
agent/ representative,pistachio,Agriculture & Livestock
agent/ representative,plant engineering,Machinery & Equipment
agent/ representative,plants,Agriculture & Livestock
agent/ representative,plastic recycling equipment,Machinery & Equipment
agent/ representative,plates,Iron & Steel
agent/ representative,pleasure boat,Shipping
agent/ representative,"poles, concrete",Construction Buildings
agent/ representative,polyol pu cellulose ether,Agriculture & Livestock
agent/ representative,precision instruments,Gas Energy
agent/ representative,prefabricated chalets,Construction Buildings
agent/ representative,prefabricated cottages,Construction Residential
agent/ representative,prefabricated summerhouses,Construction Buildings
agent/ representative,preserved plants,Agriculture & Livestock
agent/ representative,profiles,Iron & Steel
agent/ representative,propagation houses - installations,Other Industry
agent/ representative,protein,Agriculture & Livestock
agent/ representative,protein bar,Agriculture & Livestock
agent/ representative,public works,Construction Buildings
agent/ representative,quality control,Total Power
agent/ representative,radar,Shipping
agent/ representative,radio navigation equipment,Shipping
agent/ representative,ready meal,Food Related Products
agent/ representative,real estate agency,Construction Buildings
agent/ representative,"real estate, business agencies",Machinery & Equipment
agent/ representative,"real estate, business developers",Machinery & Equipment
agent/ representative,"real estate, industrial agencies",Machinery & Equipment
agent/ representative,"real estate, industrial developers",Machinery & Equipment
agent/ representative,recycling plants,Construction Buildings
agent/ representative,red wine,Food Related Products
agent/ representative,removable car radios,Automotive HDV
agent/ representative,renewable energy,Renewable Energy
agent/ representative,representation office,Other Industry
agent/ representative,"representation service, agency",Other Industry
agent/ representative,representative,Food Related Products
agent/ representative,restaurant equipment,Food Related Products
agent/ representative,restaurants machinery,Machinery & Equipment
agent/ representative,retailers hypermarkets supermarket chains hard discount,Retailers hypermarkets supermarket chains hard discount are
agent/ representative,river cruise boats,Shipping
agent/ representative,roller bearings,Construction Residential
agent/ representative,rotary brakes,Construction Residential
agent/ representative,rotary dampers,Construction Residential
agent/ representative,rubber coated parts,Construction Residential
agent/ representative,rubber products for the transport industry,Other Transport
agent/ representative,saffron,Agriculture & Livestock
agent/ representative,sail boat rental,Shipping
agent/ representative,sailboats accessories,Shipping
agent/ representative,sailboats equipment,Shipping
agent/ representative,sale of industrial motor vehicles,Automotive LDV
agent/ representative,sale of speed regulators,Automotive LDV
agent/ representative,sales agent,Food Related Products
agent/ representative,salt,Food Related Products
agent/ representative,scouring agents,Construction Buildings
agent/ representative,seed,Agriculture & Livestock
agent/ representative,selling,Machinery & Equipment
agent/ representative,sheets,Iron & Steel
agent/ representative,"shellfish, tinned",Agriculture & Livestock
agent/ representative,ship equipment,Shipping
agent/ representative,"shippers, river",Shipping
agent/ representative,ships accessories,Shipping
agent/ representative,shock absorbers,Automotive LDV
agent/ representative,"shock absorbers, hydraulic",Construction Residential
agent/ representative,shows organisation,Machinery & Equipment
agent/ representative,silver bars,Other Metals
agent/ representative,soft-close fittings for furniture,Construction Residential
agent/ representative,software - business management,Other Industry
agent/ representative,soil conditioners,Agriculture & Livestock
agent/ representative,solenoid valves,Shipping
agent/ representative,spanish ham,Food Related Products
agent/ representative,spare part,Automotive HDV
agent/ representative,spare parts for diesel engines,Shipping
agent/ representative,spare parts for motorcycle,Automotive LDV
agent/ representative,spices,Food Related Products
agent/ representative,sport articles,Other Transport
agent/ representative,sport equipment,Other Transport
agent/ representative,sports activities,Food Related Products
agent/ representative,sports foods,Food Related Products
agent/ representative,spraying equipment,Machinery & Equipment
agent/ representative,stainless steel drainage systems,Construction Buildings
agent/ representative,stainless steel pits,Iron & Steel
agent/ representative,steel,Iron & Steel
agent/ representative,swimming pool accessories,Construction Residential
agent/ representative,tangerines,Agriculture & Livestock
agent/ representative,tecjet,Automotive LDV
agent/ representative,terra-cotta crockery,Construction Buildings
agent/ representative,test bench,Automotive LDV
agent/ representative,thermometers,Construction Residential
agent/ representative,thermostatic valves,Oil Energy
agent/ representative,tiling,Construction Buildings
agent/ representative,tinned vegetables,Agriculture & Livestock
agent/ representative,torque limiters,Construction Residential
agent/ representative,tour operator,Food Related Products
agent/ representative,trade fair organisation,Machinery & Equipment
agent/ representative,training sessions on regulators,Shipping
agent/ representative,travel agency,Other Transport
agent/ representative,tripe,Food Related Products
agent/ representative,tubes,Iron & Steel
agent/ representative,turning,Construction Residential
agent/ representative,uncut diamonds,A: Other Metals
agent/ representative,used car accessories,Automotive LDV
agent/ representative,valve grinding machines,Automotive LDV
agent/ representative,vegetable trade,Agriculture & Livestock
agent/ representative,vehicle,Automotive HDV
agent/ representative,vehicle hire,Automotive LDV
agent/ representative,vehicle maintenance products,Automotive HDV
agent/ representative,vehicle sales,Automotive LDV
agent/ representative,vehicles - travelling shops,Machinery & Equipment
agent/ representative,vintners,Food Related Products
agent/ representative,virgin olive oil,Food Related Products
agent/ representative,walnut,Food Related Products
agent/ representative,we sell gold,Other Metals
agent/ representative,wholesale food,Food Related Products
agent/ representative,wholesale fresh meats,Food Related Products
agent/ representative,wholesale of frozen fish,Fishing & Forestry
agent/ representative,wholesale wine,Agriculture & Livestock
agent/ representative,wind power generator,Renewable Energy
agent/ representative,wine,Food Related Products
agent/ representative,wine shop,Food Related Products
agent/ representative,wire harness,Automotive LDV
agent/ representative,wood - finished products,Fishing & Forestry
agent/ representative,wood products,Fishing & Forestry
agent/ representative,wooden ball,Fishing & Forestry
agent/ representative,wooden dowels,Fishing & Forestry
agent/ representative,wooden gift box,Fishing & Forestry
agent/ representative,wooden knobs,Fishing & Forestry
agent/ representative,wooden spindle,Fishing & Forestry
agent/ representative,wooden toys,Fishing & Forestry
agent/ representative,wooden turnings,Fishing & Forestry
agent/ representative,wooden utility tool handles,Fishing & Forestry
agent/ representative,yacht rental,Shipping
agent/ representative,yellow corn,Agriculture & Livestock
agent/ representative,zucker,Food Related Products
distributor,100% natural prepared dishes,Food Related Products
distributor,2nd hand machine,Machinery & Equipment
distributor,3d design work,Construction Buildings
distributor,3d printing,Construction Buildings
distributor,5 axis milling,Construction Buildings
distributor,abrasive discs,Other Metals
distributor,absorbents,Other Industry
distributor,ac/dc converter,Total Power
distributor,accelerator masterbatches,Oil Energy
distributor,accessoires moto,Automotive LDV
distributor,accessories,Construction Residential
distributor,accessories for campers,Other Transport
distributor,accessories for composite moulds,Construction Buildings
distributor,accessories for ice-cream shops,Food Related Products
distributor,accessories for industrial equipment,Machinery & Equipment
distributor,accessories for industrial plants,Machinery & Equipment
distributor,accessories for pets,Agriculture & Livestock
distributor,accessories for sailing boats,Shipping
distributor,accessories for vending machines,Food Related Products
distributor,accessories for wall coverings,Construction Buildings
distributor,accessories for watering systems,Agriculture & Livestock
distributor,accessories for weck jars,Food Related Products
distributor,accommodation modules,Construction Residential
distributor,accumulators,Automotive LDV
distributor,acrylic resins,Machinery & Equipment
distributor,adaptable parts for public works machinery,Machinery & Equipment
distributor,adaptable spare parts,Machinery & Equipment
distributor,adhesive tape,Construction Buildings
distributor,advanced liposomal products,Food Related Products
distributor,advertising agencies,Other Industry
distributor,advertising design,Other Industry
distributor,advertising gadgets,Other Industry
distributor,advertising items,Construction Residential
distributor,advertising truck hire,Other Transport
distributor,aeration equipment,Machinery & Equipment
distributor,aerogel,Construction Buildings
distributor,aeronautical equipment manufacturers,Aviation
distributor,aeronautics - equipment,Aviation
distributor,"aeronautics, construction",The tilt_subsector for this combination of main
distributor,"aerospace, construction",The tilt_subsector would be Other Transport
distributor,agave,Food Related Products
distributor,aged cheeses,Food Related Products
distributor,agents,Automotive LDV
distributor,agglomerators,Food Related Products
distributor,agri-food,Food Related Products
distributor,agricultural accessories,Automotive LDV
distributor,agricultural equipment,Machinery & Equipment
distributor,agricultural machinery repair,Machinery & Equipment
distributor,agricultural machines,Machinery & Equipment
distributor,agricultural production,Agriculture & Livestock
distributor,agricultural systems,Agriculture & Livestock
distributor,agricultural twine,Food Related Products
distributor,agriculture,Food Related Products
distributor,agriculture equipment,Machinery & Equipment
distributor,agriculture machinery,Machinery & Equipment
distributor,air bag,Machinery & Equipment
distributor,air compressor,Automotive LDV
distributor,air conditioners for motor vehicles,Automotive LDV
distributor,air conditioning,Automotive LDV
distributor,air conditioning accessories,Construction Residential
distributor,air conditioning equipment,Automotive LDV
distributor,air conditioning works,Renewable Energy
distributor,air filters,Shipping
distributor,air filtration equipment,Machinery & Equipment
distributor,air force,Construction Buildings
distributor,air freight services,Aviation
distributor,air heaters for civil use,Renewable Energy
distributor,air purification equipment,Machinery & Equipment
distributor,air purification systems,Machinery & Equipment
distributor,air purifiers,Machinery & Equipment
distributor,air sports - equipment,Machinery & Equipment
distributor,air treatment equipment,Machinery & Equipment
distributor,air treatment plants,Machinery & Equipment
distributor,air treatment systems,Machinery & Equipment
distributor,air-conditioned chambers for industrial use,Machinery & Equipment
distributor,aircraft accessories,Aviation
distributor,aircraft engines,Aviation
distributor,airline,Aviation
distributor,airport,Aviation
distributor,airports - equipment,Aviation
distributor,airtight packaging with tamper-evident closure,Food Related Products
distributor,alarm system,Construction Residential
distributor,alarms equipment,Machinery & Equipment
distributor,alarms installation,Construction Residential
distributor,alcoholic aperitifs,Food Related Products
distributor,alcoholic beverages,Food Related Products
distributor,alegre,Agriculture & Livestock
distributor,aligners for motor vehicles,Automotive LDV
distributor,all kind of german cars spare parts,Automotive HDV
distributor,almond exporter,Agriculture & Livestock
distributor,aloe vera drinks,Agriculture & Livestock
distributor,alumina,Construction Buildings
distributor,aluminium bands,Other Metals
distributor,aluminium foil,Other Metals
distributor,aluminium for the petrochemical industry,Other Metals
distributor,aluminium foundry,Other Metals
distributor,aluminium granules,Construction Buildings
distributor,aluminium injection,Machinery & Equipment
distributor,aluminium joinery machinery,Machinery & Equipment
distributor,aluminium powder,Construction Buildings
distributor,aluminium tape,Other Metals
distributor,aluminium tube,Machinery & Equipment
distributor,alumninium joinery equipment,Machinery & Equipment
distributor,amino acid,Food Related Products
distributor,ammunition,Other Industry
distributor,angular transmissions,Machinery & Equipment
distributor,animal accessories,Agriculture & Livestock
distributor,animal grooming,Agriculture & Livestock
distributor,animals,Agriculture & Livestock
distributor,annealer rings,Machinery & Equipment
distributor,annealer tubes,Machinery & Equipment
distributor,"anti-corrosion products, chemical",Automotive HDV
distributor,anti-rust,Construction Buildings
distributor,"anti-theft systems, vehicles",Automotive HDV
distributor,antifoaming,Construction Buildings
distributor,antiques,Construction Residential
distributor,aoc olive oils,Food Related Products
distributor,applicators,Construction Buildings
distributor,aqua scooters,Fishing & Forestry
distributor,aquaculture,Fishing & Forestry
distributor,aquarium fish,Fishing & Forestry
distributor,arbequina olive oil,Food Related Products
distributor,arboriculture equipment,Agriculture & Livestock
distributor,arboriculture machines,Agriculture & Livestock
distributor,architects - consultants,Construction Residential
distributor,architectural bricks,Construction Buildings
distributor,architectural tiles,Construction Buildings
distributor,armchair stair lifts,Automotive LDV
distributor,aromatherapy,Food Related Products
distributor,aromatic herbs,Food Related Products
distributor,art,Automotive HDV
distributor,art galleries,The tilt_subsector would be Other Metals
distributor,articles for birds,Agriculture & Livestock
distributor,articles for cats,Agriculture & Livestock
distributor,articles for dogs,Agriculture & Livestock
distributor,articles for fish,Agriculture & Livestock
distributor,articles for plumbing,Construction Residential
distributor,articles made of cellulose,Other Industry
distributor,artificial bamboo,Agriculture & Livestock
distributor,artificial flowers,Other Industry
distributor,artificial fruit,Agriculture & Livestock
distributor,artificial plants,Agriculture & Livestock
distributor,artistic stationery,Other Industry
distributor,asbestos removal,Other Industry
distributor,"assaf sheep, lamb",Agriculture & Livestock
distributor,"assemblies, hydraulic",Automotive LDV
distributor,assembly of steel structural metalwork for construction,Construction Buildings
distributor,attachment screws for fastening guide rails,Machinery & Equipment
distributor,auction room,Fishing & Forestry
distributor,"audio-visual equipment, professional",Machinery & Equipment
distributor,austria,Food Related Products
distributor,authorised dealer,Automotive LDV
distributor,auto accessories,Machinery & Equipment
distributor,auto parts,Automotive HDV
distributor,automatic dispenser,Machinery & Equipment
distributor,automatic measuring systems,Machinery & Equipment
distributor,automatic packaging machinery,Machinery & Equipment
distributor,automation,Construction Residential
distributor,automation equipment,Machinery & Equipment
distributor,automation systems,Machinery & Equipment
distributor,automobile components,Automotive HDV
distributor,automobile dealer,Automotive LDV
distributor,automobile drive shaft balancers,Automotive LDV
distributor,automobile junkyard,Automotive HDV
distributor,automobile signalling,Machinery & Equipment
distributor,automotive,Automotive LDV
distributor,automotive components,Automotive HDV
distributor,automotive parts,Automotive HDV
distributor,auxiliary products,Construction Residential
distributor,axle sealing,Shipping
distributor,"axles, vehicle",Automotive HDV
distributor,ayurveda,Food Related Products
distributor,azo initiators,Construction Buildings
distributor,baby clothes,Food Related Products
distributor,baby club preparation articles,no_match
distributor,baby foods,Food Related Products
distributor,bactericides,Food Related Products
distributor,bag filling equipment,Machinery & Equipment
distributor,bag filling machinery,Machinery & Equipment
distributor,baggers vacuum packers,Machinery & Equipment
distributor,bags,Automotive HDV
distributor,bakery equipment,Machinery & Equipment
distributor,bakery machinery,Machinery & Equipment
distributor,bakery ovens,Food Related Products
distributor,baking moulds,Machinery & Equipment
distributor,balances,Food Related Products
distributor,ball bearing,Machinery & Equipment
distributor,ball valves,Other Industry
distributor,baptism articles,Construction Residential
distributor,bar equipment,Construction Buildings
distributor,bar furnishing,Machinery & Equipment
distributor,barbecue,Construction Buildings
distributor,"barrels, metal",Other Metals
distributor,"barrels, wood",Construction Residential
distributor,bars machinery,Machinery & Equipment
distributor,"bars, ferrous metal",Construction Buildings
distributor,basket lifts,Machinery & Equipment
distributor,bathrooms fittings,Construction Buildings
distributor,bathrooms remodelled,Construction Buildings
distributor,batteries for photovoltaic plants,Renewable Energy
distributor,battery charger,Renewable Energy
distributor,beach maintenance equipment,Machinery & Equipment
distributor,beach maintenance machines,Machinery & Equipment
distributor,beacon,Machinery & Equipment
distributor,"bearings, antifriction",Automotive LDV
distributor,beauty articles,Other Industry
distributor,beauty items,Agriculture & Livestock
distributor,beauty products,The tilt_subsector would be Food Related
distributor,beauty slimming - fitness health,Food Related Products
distributor,bebida aloe vera,Agriculture & Livestock
distributor,beds,Automotive LDV
distributor,bedspreads,Food Related Products
distributor,bedsteads,Automotive LDV
distributor,bee product,Food Related Products
distributor,beef cold cuts,Food Related Products
distributor,beef cutting workshop,Food Related Products
distributor,beekeeping equipment,Agriculture & Livestock
distributor,beekeeping machinery,Agriculture & Livestock
distributor,beekeeping products,Agriculture & Livestock
distributor,beer,Food Related Products
distributor,beer equipment,Food Related Products
distributor,beer taps,Food Related Products
distributor,bees,Agriculture & Livestock
distributor,"bells, casting",Iron & Steel
distributor,belt leather,Automotive LDV
distributor,benzoyl peroxide,Construction Buildings
distributor,berth rental,Shipping
distributor,berth sales,Shipping
distributor,bespoke packager,Construction Residential
distributor,beverage additives,Food Related Products
distributor,beverage industries,Food Related Products
distributor,beverages retail,Food Related Products
distributor,beverages wholesale,Food Related Products
distributor,"beverages, concentrates",Food Related Products
distributor,"beverages, powders",Food Related Products
distributor,bicycle accessories,Construction Residential
distributor,bicycle components,Machinery & Equipment
distributor,bicycle covers,Machinery & Equipment
distributor,bicycle frames,The tilt_subsector would be Other Transport
distributor,bicycle parts,Machinery & Equipment
distributor,bicycle saddles,Other Transport
distributor,bijouterie,Other Industry
distributor,billiard accessories,Machinery & Equipment
distributor,billiard tables,Machinery & Equipment
distributor,binding equipment,Machinery & Equipment
distributor,binding machinery,Machinery & Equipment
distributor,biocosmetic products,Agriculture & Livestock
distributor,biomass,Renewable Energy
distributor,biomass energy - production,Renewable Energy
distributor,biotechnology,Food Related Products
distributor,birdseed,Food Related Products
distributor,biscuit factory,Food Related Products
distributor,biscuit-making equipment,Machinery & Equipment
distributor,biscuit-making machinery,Machinery & Equipment
distributor,biscuits,Food Related Products
distributor,blades for cutting machines,Other Industry
distributor,blades for saws,Other Industry
distributor,"blades, industrial",Machinery & Equipment
distributor,blank leather,Automotive LDV
distributor,blanket,Food Related Products
distributor,bmw ac schnitzer used cars,Automotive LDV
distributor,bmw used car,Automotive LDV
distributor,board articles,Food Related Products
distributor,board products,Food Related Products
distributor,boarding - non-ferrous metal,Construction Buildings
distributor,"boarding, metal",Construction Buildings
distributor,boat dealer,Shipping
distributor,boats,Shipping
distributor,boats reseller,Shipping
distributor,bodywork shop,Automotive HDV
distributor,boilerwork,Construction Residential
distributor,bolt,Shipping
distributor,"bolts, fastening",Machinery & Equipment
distributor,bonded warehouses,Construction Buildings
distributor,bonding agents,Oil Energy
distributor,bonsai trees,Agriculture & Livestock
distributor,boring equipment,Machinery & Equipment
distributor,boring machine assistance,Construction Residential
distributor,"boring, plant",Machinery & Equipment
distributor,botanic extracts,Agriculture & Livestock
distributor,bouillon powder,Food Related Products
distributor,brake disks,Automotive HDV
distributor,brakes,Automotive LDV
distributor,brandy,Food Related Products
distributor,brass instruments,Other Metals
distributor,brazing,Construction Buildings
distributor,brazing equipment,Machinery & Equipment
distributor,brazing supplies,Construction Buildings
distributor,bread,Food Related Products
distributor,brewing equipment,Machinery & Equipment
distributor,brewing machinery,Machinery & Equipment
distributor,briefcases,Automotive HDV
distributor,brushing machines,Machinery & Equipment
distributor,building equipment,Construction Buildings
distributor,building machinery,Construction Buildings
distributor,bulk material,Construction Residential
distributor,"bulps, bedding plants",Food Related Products
distributor,bumper,Automotive HDV
distributor,bus,Automotive HDV
distributor,bus accessories,Automotive LDV
distributor,bus seats,Automotive LDV
distributor,bus spare parts,Automotive LDV
distributor,business communication consultants,Other Industry
distributor,business consultancy,Machinery & Equipment
distributor,business gifts,Construction Residential
distributor,business information,Machinery & Equipment
distributor,business trips - organisation,Other Transport
distributor,butcher shop supplies,Food Related Products
distributor,butcher's shop,Agriculture & Livestock
distributor,butchery equipment,Machinery & Equipment
distributor,butchery machinery,Machinery & Equipment
distributor,butterfly valves,Machinery & Equipment
distributor,buying,Agriculture & Livestock
distributor,cable accessories,Machinery & Equipment
distributor,cable car,Automotive LDV
distributor,"cables, telephone",Shipping
distributor,cad development design work,Construction Buildings
distributor,cad/cam manufacturing,Construction Buildings
distributor,cad/cam service,Construction Buildings
distributor,cafés equipment,Food Related Products
distributor,cafés machinery,Machinery & Equipment
distributor,cake,Food Related Products
distributor,cake mixes,Food Related Products
distributor,"cakes, dietetic",Food Related Products
distributor,calibration of measuring instruments,Total Power
distributor,camper van,Automotive LDV
distributor,camper van preparation,Automotive LDV
distributor,campers,Automotive LDV
distributor,camping accessories,Construction Residential
distributor,camping equipment,Automotive LDV
distributor,camping parts,Construction Residential
distributor,camping vehicles,Automotive LDV
distributor,candy floss,Food Related Products
distributor,candy production equipment,Machinery & Equipment
distributor,candy production systems,Machinery & Equipment
distributor,canned vegetable,Food Related Products
distributor,cap,Other Metals
distributor,"caps, plastic",Other Transport
distributor,car,Automotive LDV
distributor,car accessories,Automotive LDV
distributor,car catalyst,Automotive HDV
distributor,car component,Automotive HDV
distributor,car consumables,Automotive HDV
distributor,car filters,Automotive HDV
distributor,car insurance,Automotive LDV
distributor,car lifts for garages,Construction Buildings
distributor,car lubricant,Oil Energy
distributor,car park,Construction Buildings
distributor,car parking system,Construction Buildings
distributor,car parts,Automotive HDV
distributor,car ports,Construction Buildings
distributor,car rental,Automotive HDV
distributor,car seats,Automotive LDV
distributor,car spare part,Automotive HDV
distributor,car tuning equipment,Machinery & Equipment
distributor,car workshop,Automotive LDV
distributor,car-lift,Automotive LDV
distributor,caramel candies,Food Related Products
distributor,caravan fitting,Automotive LDV
distributor,caravans,Construction Residential
distributor,caravans accessories,Construction Residential
distributor,caravans parts,Construction Residential
distributor,carbide-coated drawing rings,Machinery & Equipment
distributor,carbon bows,Automotive LDV
distributor,carbon fuel,Oil Energy
distributor,cardan shafts,Machinery & Equipment
distributor,cardboard - manufacturing machinery,Machinery & Equipment
distributor,cardboard articles for the beverage industry,Food Related Products
distributor,cardboard disposable articles,Other Industry
distributor,cardboard disposable tableware,Other Industry
distributor,cardboard for the packaging industry,Other Industry
distributor,cardboard manufacture,Construction Buildings
distributor,cardboard manufacturing equipment,Machinery & Equipment
distributor,cardboard manufacturing machinery,Machinery & Equipment
distributor,carob flours,Food Related Products
distributor,carpenting,Construction Residential
distributor,carpentry equipment,Construction Buildings
distributor,carpentry machinery,Construction Buildings
distributor,carpentry work,Construction Residential
distributor,"cars, electrical parts",The tilt_subsector would be Other Transport
distributor,carwash systems,Automotive LDV
distributor,cash registers,Machinery & Equipment
distributor,casings for the butchery industry,Food Related Products
distributor,casks,Construction Residential
distributor,"casks, plastic",Construction Residential
distributor,cassettes,Machinery & Equipment
distributor,cast iron items,Machinery & Equipment
distributor,cast steel,Iron & Steel
distributor,castors,Machinery & Equipment
distributor,castors for furniture,Other Transport
distributor,cat crunchies,Food Related Products
distributor,cat food,Food Related Products
distributor,catering,Food Related Products
distributor,catering equipment,Food Related Products
distributor,catering machinery,Machinery & Equipment
distributor,catering service,Food Related Products
distributor,catering supplies,Food Related Products
distributor,cattle carcasses,Agriculture & Livestock
distributor,cattle import export,Agriculture & Livestock
distributor,cava,Food Related Products
distributor,cbd,Food Related Products
distributor,cbd beverages,Food Related Products
distributor,cbd drink,Food Related Products
distributor,cbd flowers,Food Related Products
distributor,cbd products,Food Related Products
distributor,cbd-infused waters,Food Related Products
distributor,cbg,Other Industry
distributor,cbn,Other Metals
distributor,ceilings,Construction Buildings
distributor,celebrations articles,Automotive LDV
distributor,celebrations decorations,Construction Buildings
distributor,cement clearing,Construction Residential
distributor,central purchasing office,Construction Residential
distributor,central vacuum system repairs,Automotive LDV
distributor,centralised exhaust systems maintenance,Automotive LDV
distributor,ceramic dyes,Construction Buildings
distributor,ceramic fibers,Construction Buildings
distributor,ceramic manufacturing equipment,Machinery & Equipment
distributor,ceramic manufacturing machinery,Machinery & Equipment
distributor,ceramic pastes,Construction Buildings
distributor,ceramics for coatings,Construction Buildings
distributor,cereal,Food Related Products
distributor,cereal for zootechnical use,Food Related Products
distributor,cereals and grains,Food Related Products
distributor,chains,Automotive LDV
distributor,chair lifts,Construction Buildings
distributor,chambers for bakeries,Food Related Products
distributor,champagne,Food Related Products
distributor,champenois sparkling wine,Food Related Products
distributor,channel jet-washing,Other Transport
distributor,charter boat rental,Shipping
distributor,cheese grater,Food Related Products
distributor,cheese-making machinery,Machinery & Equipment
distributor,cheesecake,Food Related Products
distributor,cheesy vegan bread,Food Related Products
distributor,chemical abrasive,Other Industry
distributor,chemical additives for the canning industry,Food Related Products
distributor,chemical additives for the food industry,Food Related Products
distributor,chemical binders,Construction Buildings
distributor,chemical product,Chemicals
distributor,chemical strippres,Automotive LDV
distributor,chemical waste collection,Chemicals
distributor,chemical waste recycling,Chemicals
distributor,chemicals packaging machinery,Machinery & Equipment
distributor,chemistry derivatives,Chemicals
distributor,chemistry raw materials,Chemicals
distributor,chewing gum,Food Related Products
distributor,chickpea flour,Food Related Products
distributor,childrenswear,Automotive HDV
distributor,"chips, chilled",Food Related Products
distributor,"chips, deep-frozen",Food Related Products
distributor,"chips, frozen",Food Related Products
distributor,"chips, precooked",Food Related Products
distributor,chocolate,Food Related Products
distributor,chocolate gift boxes,Food Related Products
distributor,chocolate processing equipment,Machinery & Equipment
distributor,chocolate torrone,Food Related Products
distributor,"chocolates, filled",Food Related Products
distributor,chorizo,Food Related Products
distributor,chrome leather,Food Related Products
distributor,chromium plating,Iron & Steel
distributor,cinnamon,Food Related Products
distributor,circular blade,Iron & Steel
distributor,citrus fruits,Food Related Products
distributor,citrus trees,Agriculture & Livestock
distributor,civil engineering,Construction Buildings
distributor,clamping plates,Iron & Steel
distributor,clean room processes,Machinery & Equipment
distributor,clean room systems,Machinery & Equipment
distributor,cleaning accessories,Other Transport
distributor,cleaning equipment,Construction Buildings
distributor,cleaning services,no_match
distributor,cleavers,Machinery & Equipment
distributor,clinker paving,Construction Buildings
distributor,clippers,Food Related Products
distributor,clock,Construction Residential
distributor,clock making,Construction Buildings
distributor,clock supplies,Machinery & Equipment
distributor,closed thursday,Food Related Products
distributor,cloth tapes,Construction Buildings
distributor,clothes banks,Bioenergy & Waste Energy
distributor,"clothes, children's",Food Related Products
distributor,"clothes, men's",Construction Buildings
distributor,"clothes, women's",Other Industry
distributor,clothing,Other Industry
distributor,clothing collection,Other Industry
distributor,clothing supplies,Food Related Products
distributor,clutch,Automotive LDV
distributor,cnc milled parts,Construction Buildings
distributor,cnc milling,Machinery & Equipment
distributor,cnc plastic processing,Construction Buildings
distributor,cnc turned parts,Construction Buildings
distributor,coach,Automotive LDV
distributor,coach accessories,Automotive LDV
distributor,coach bodywork,Automotive LDV
distributor,coach spare parts,Automotive LDV
distributor,coachbuilding,Automotive HDV
distributor,"coaches, building",Other Transport
distributor,coating,Construction Residential
distributor,coating resins,Construction Buildings
distributor,cocks,Agriculture & Livestock
distributor,coconut oil,Food Related Products
distributor,cod,Food Related Products
distributor,coffee blends,Food Related Products
distributor,coffee distributor,Food Related Products
distributor,coffee machine accessory,Machinery & Equipment
distributor,coffee machine service,Machinery & Equipment
distributor,coffee vending machine management,Machinery & Equipment
distributor,coffee wholesale,Food Related Products
distributor,cold cuts equipment,Food Related Products
distributor,cold cuts machinery,Machinery & Equipment
distributor,collagenic entrails,Food Related Products
distributor,collar,Agriculture & Livestock
distributor,collection,Chemicals
distributor,collection of rags,Agriculture & Livestock
distributor,collection of used clothing,Bioenergy & Waste Energy
distributor,"collection of waste, equipment",Chemicals
distributor,colours for ceramics,Construction Buildings
distributor,commercial vehicles electrical parts,Machinery & Equipment
distributor,communication,Construction Residential
distributor,compactors,Construction Buildings
distributor,company radio systems,Automotive LDV
distributor,component,Machinery & Equipment
distributor,components for boats,Shipping
distributor,components for industrial equipment,Machinery & Equipment
distributor,components for industrial plants,Machinery & Equipment
distributor,components for ships,Shipping
distributor,composition,Construction Residential
distributor,compressed air tool,Iron & Steel
distributor,compressed air tyre lever,Automotive LDV
distributor,compressed-air installations,Machinery & Equipment
distributor,concentrated fruit juices,Food Related Products
distributor,concrete form,Construction Buildings
distributor,concrete products,Construction Buildings
distributor,concrete sewer pipes,Construction Buildings
distributor,condensation chambers,Shipping
distributor,condiments,Food Related Products
distributor,conditioner,Food Related Products
distributor,confectionary,Food Related Products
distributor,confectionary industries,Food Related Products
distributor,confectionary industry equipment,Food Related Products
distributor,confectionery,Food Related Products
distributor,confectionery machinery,Machinery & Equipment
distributor,conglomerates,Construction Residential
distributor,congresses organisation,Other Industry
distributor,congresses services,Other Industry
distributor,construction,Construction Buildings
distributor,construction equipment,Construction Buildings
distributor,construction machinery,Construction Buildings
distributor,construction site installations,Construction Buildings
distributor,"construction, industrial, contractors",Construction Buildings
distributor,consultancy,No_match
distributor,consultants,Shipping
distributor,consultants construction,Construction Residential
distributor,contact lens,Other Industry
distributor,contact lenses accessories,Other Industry
distributor,contact rings,Machinery & Equipment
distributor,contact tubes for annealing,Machinery & Equipment
distributor,container,Construction Buildings
distributor,container hire,Other Transport
distributor,container services,Other Transport
distributor,container transport systems,Other Transport
distributor,contract extraction,Fishing & Forestry
distributor,control equipment,Machinery & Equipment
distributor,conveyor belt,Machinery & Equipment
distributor,conveyors,Construction Residential
distributor,cookers for communities,Food Related Products
distributor,cooking equipment,Machinery & Equipment
distributor,cooking preparation systems,Food Related Products
distributor,cooking utensils,Food Related Products
distributor,copper alloy,Other Metals
distributor,copper brans,Other Metals
distributor,copper pastes,Construction Buildings
distributor,copper pipe,Construction Buildings
distributor,copper powder,Construction Buildings
distributor,copper rings,Other Metals
distributor,copper rods,Other Metals
distributor,cor flour for zootechnical use,Food Related Products
distributor,cord,Construction Buildings
distributor,coriander,Food Related Products
distributor,cork floors,Construction Buildings
distributor,cork plugs,Fishing & Forestry
distributor,corporate removals,Other Transport
distributor,corrosion inhibitors,Oil Energy
distributor,cosmetic,Food Related Products
distributor,cosmetics industry equipment,Machinery & Equipment
distributor,cosmetics industry machinery,Machinery & Equipment
distributor,costume jewellery,Other Industry
distributor,"couplings, mechanical",Machinery & Equipment
distributor,courier,Other Transport
distributor,cowhide,Automotive LDV
distributor,cpm bearings,Automotive LDV
distributor,crane truck rental,Construction Buildings
distributor,cranes,Machinery & Equipment
distributor,cream cookers for the ice-cream industry,Automotive LDV
distributor,crockery,Construction Buildings
distributor,"crockery, porcelain",Construction Buildings
distributor,crop planting,Agriculture & Livestock
distributor,crop protection,Agriculture & Livestock
distributor,crop services,Agriculture & Livestock
distributor,crushed pistachios,Food Related Products
distributor,crushers,Construction Buildings
distributor,crushing machinery,Machinery & Equipment
distributor,crushing of active ingredients for the pharmaceutical industry,Food Related Products
distributor,crustacean powder,Food Related Products
distributor,crustaceans,Food Related Products
distributor,"crustaceans, tinned",Food Related Products
distributor,crystal glassware,Construction Buildings
distributor,crystal tableware,Construction Buildings
distributor,curios,Other Industry
distributor,curtains,Construction Residential
distributor,custom packaging,Construction Residential
distributor,customer-specific programming,Automotive LDV
distributor,customised shower earthenware,Construction Buildings
distributor,cut flowers,Agriculture & Livestock
distributor,cut-resistant gloves,Agriculture & Livestock
distributor,cutlery,Construction Residential
distributor,cutters,Machinery & Equipment
distributor,cutting,Machinery & Equipment
distributor,cutting - machine tools,Machinery & Equipment
distributor,cutting bars for motorised cultivators,Other Industry
distributor,cycling helmets,Other Transport
distributor,cylinder gears,Machinery & Equipment
distributor,d.i.y,Machinery & Equipment
distributor,daily greens,Food Related Products
distributor,dairies equipment,Food Related Products
distributor,dairies machinery,Machinery & Equipment
distributor,dairy,Food Related Products
distributor,damage recovery,Other Industry
distributor,damaged cars,Automotive HDV
distributor,damaged goods,Agriculture & Livestock
distributor,damaged goods recycling,Bioenergy & Waste Energy
distributor,data processing media information technology,Machinery & Equipment
distributor,dates,Food Related Products
distributor,dealer,Automotive HDV
distributor,decoration,Construction Buildings
distributor,decorative porcelain,Construction Buildings
distributor,deep-frozen french fries,Food Related Products
distributor,deer pate,Food Related Products
distributor,deer sausages,Food Related Products
distributor,dehydrated vegetables,Food Related Products
distributor,deli meats,Food Related Products
distributor,delicatessen fashion home cosmetics,Food Related Products
distributor,delicatessen machinery,Machinery & Equipment
distributor,delicatessen products,Food Related Products
distributor,delivery of palletized drums,Machinery & Equipment
distributor,dentistry supplies,Construction Buildings
distributor,"dentistry, accessories",Construction Residential
distributor,deodorants,The tilt_subsector would be Other Metals
distributor,derivatives,Other Transport
distributor,design products,Machinery & Equipment
distributor,design supplies,Machinery & Equipment
distributor,detergent dispenser,Food Related Products
distributor,detergents,Food Related Products
distributor,"detergents, household",Automotive LDV
distributor,development strategy,Other Transport
distributor,diabetic food,Food Related Products
distributor,diamond tools,Machinery & Equipment
distributor,dicing machines,Machinery & Equipment
distributor,dicumyl peroxide,Construction Residential
distributor,diesel engine maintenance,Shipping
distributor,diesel filter,Shipping
distributor,diesel transfer pumps,Shipping
distributor,diet products,Food Related Products
distributor,dietary foods,Food Related Products
distributor,dietetic foods,Food Related Products
distributor,digital control machine tools,Construction Buildings
distributor,digital cutting plotter,Machinery & Equipment
distributor,disabled lift,Automotive LDV
distributor,discontinued products,Agriculture & Livestock
distributor,"disinfectants, non-medical",Food Related Products
distributor,disinfecting equipment,Machinery & Equipment
distributor,dismantling of industrial plants,Construction Residential
distributor,dispensers,Food Related Products
distributor,display boards,Automotive LDV
distributor,disposable articles,Other Industry
distributor,disposable face masks,Construction Residential
distributor,disposable gloves,Other Industry
distributor,disposable medical articles,Construction Residential
distributor,disposable medical gloves,Food Related Products
distributor,disposable shirts,Food Related Products
distributor,disposable tableware,Other Transport
distributor,distilling equipment,Machinery & Equipment
distributor,distilling machinery,Machinery & Equipment
distributor,distribution,Food Related Products
distributor,distribution centre,A: Agriculture & Livest
distributor,distribution of cut flowers,Agriculture & Livestock
distributor,distribution of food products,Food Related Products
distributor,distribution of gas fuels,Gas Energy
distributor,distribution of honey,Food Related Products
distributor,distributor,Food Related Products
distributor,distributor of food products,Food Related Products
distributor,distributor of food supplements,Food Related Products
distributor,distributor of olive oil,Food Related Products
distributor,do-it-yourself items,Automotive LDV
distributor,document reproduction machines,Machinery & Equipment
distributor,dog biscuits,Food Related Products
distributor,dog crunchies,Food Related Products
distributor,dog food,Food Related Products
distributor,dolls,Construction Buildings
distributor,"domestic articles, wooden",Construction Residential
distributor,domestic plumbing,Construction Residential
distributor,domestic refrigeration equipment,Construction Residential
distributor,doors opened,Agriculture & Livestock
distributor,"doors, house",Construction Residential
distributor,dosing equipment,Machinery & Equipment
distributor,double sided tape,Construction Buildings
distributor,dough fermentation cabinets,Food Related Products
distributor,drainage equipment,Construction Residential
distributor,drainage systems,Construction Residential
distributor,draught beer systems,Food Related Products
distributor,drawing cones,Machinery & Equipment
distributor,drawing rings,Iron & Steel
distributor,drawing tools,Machinery & Equipment
distributor,dressed pork factory products,Agriculture & Livestock
distributor,dressed pork products,Food Related Products
distributor,dried flowers,Agriculture & Livestock
distributor,dried fruit preserved in honey,Food Related Products
distributor,dried vegetable,Food Related Products
distributor,drill,Machinery & Equipment
distributor,drilling equipment,Machinery & Equipment
distributor,drilling in rock,Other Industry
distributor,drilling machinery,Other Industry
distributor,drink,Food Related Products
distributor,drink dispenser,Food Related Products
distributor,drink dispensers for commercial use,Food Related Products
distributor,drinking water fountain,Food Related Products
distributor,"drinks, soft",Food Related Products
distributor,"drums, metal",Other Metals
distributor,dry cleaning equipment,Construction Residential
distributor,dry cleaning machinery,Construction Residential
distributor,dry foods,Food Related Products
distributor,dry pet food,Food Related Products
distributor,dry salted cod,Agriculture & Livestock
distributor,dual component glue packaging,Construction Residential
distributor,durum wheat semolina,Agriculture & Livestock
distributor,dustbins,Other Transport
distributor,dutch company is a leading supplier of cod,Food Related Products
distributor,duvets,Food Related Products
distributor,e-business - services,Machinery & Equipment
distributor,earthenware,Construction Residential
distributor,earthworms - fertilizer,Agriculture & Livestock
distributor,eau de parfum,The tilt_subsector would be Other Metals
distributor,eau de toilette,The tilt_subsector would be Other Metals
distributor,eccentric lathes,Construction Residential
distributor,eco-responsible products,Food Related Products
distributor,ecofriendly,Renewable Energy
distributor,ecological farming,Agriculture & Livestock
distributor,ecological food,Agriculture & Livestock
distributor,ecological fuels,Bioenergy & Waste Energy
distributor,edible fat,Food Related Products
distributor,edible frogs' legs,Food Related Products
distributor,edible snails,Agriculture & Livestock
distributor,edm accessories,Other Metals
distributor,edm filter,Other Metals
distributor,edm wire,Other Metals
distributor,effluent treatment,Other Industry
distributor,egg whites,Food Related Products
distributor,eggs,Agriculture & Livestock
distributor,eiderdowns,Food Related Products
distributor,elastic nets,Other Industry
distributor,electric bicycle hire,Other Transport
distributor,electric car,Automotive HDV
distributor,electric citrus-fruit squeezers,Machinery & Equipment
distributor,electric equipment,Machinery & Equipment
distributor,electric machines components,Machinery & Equipment
distributor,electric parts,Machinery & Equipment
distributor,electric traction systems,Renewable Energy
distributor,electric vehicle integrator,Renewable Energy
distributor,electric welding equipment,Machinery & Equipment
distributor,electric welding supplies,Machinery & Equipment
distributor,electrical equipment,Machinery & Equipment
distributor,electrical insulation,Construction Residential
distributor,electrical insulators,Construction Residential
distributor,electrical road signals equipment,Machinery & Equipment
distributor,electrical road signs systems,Machinery & Equipment
distributor,electrical systems,Machinery & Equipment
distributor,electricity - works,Total Power
distributor,electricity equipment,Machinery & Equipment
distributor,electricity measurement equipment,Machinery & Equipment
distributor,electricity measurement instruments,Machinery & Equipment
distributor,electricity regulation equipment,Construction Residential
distributor,electricity regulation instruments,Construction Residential
distributor,electricity supply stations,Automotive LDV
distributor,electrolysis machines,Machinery & Equipment
distributor,electronic data processing - computer peripherals,Machinery & Equipment
distributor,electronic data processing - microcomputers,Machinery & Equipment
distributor,"electronic equipment, aircraft",Machinery & Equipment
distributor,electronics - pleasure boats,Shipping
distributor,electropumps,Other Transport
distributor,elimination waste,Chemicals
distributor,emc shielding,Aviation
distributor,enamels,Construction Buildings
distributor,endurance bikes,Automotive LDV
distributor,energy management,Construction Residential
distributor,energy measurement equipment,Machinery & Equipment
distributor,energy measurement instruments,Total Energy
distributor,energy performance,Renewable Energy
distributor,energy regulation equipment,Construction Residential
distributor,energy regulation instruments,Total Energy
distributor,energy regulators,Renewable Energy
distributor,energy sector consultancy,Total Power
distributor,"energy sources, alternative equipment",Renewable Energy
distributor,"energy sources, alternative systems",Renewable Energy
distributor,"energy, production equipment",Renewable Energy
distributor,"energy, production plants",Renewable Energy
distributor,"engine regulating equipment, electronic",Machinery & Equipment
distributor,"engine testing equipment, electronic",Machinery & Equipment
distributor,"engineering, industrial contractors",Construction Buildings
distributor,entrails,Food Related Products
distributor,environment - services,Construction Residential
distributor,environmental clean-up equipment,Machinery & Equipment
distributor,environmental clean-up machines,Machinery & Equipment
distributor,environmental protection,Construction Residential
distributor,environmental protection equipment,Machinery & Equipment
distributor,environmental protection machines,Machinery & Equipment
distributor,enzymatically treated oat drink powders,Machinery & Equipment
distributor,equipement motard,Machinery & Equipment
distributor,equipment,Machinery & Equipment
distributor,equipment for butcher shops,Food Related Products
distributor,equipment for carding hemp,Agriculture & Livestock
distributor,equipment for combing hemp,Agriculture & Livestock
distributor,equipment for pork products,Machinery & Equipment
distributor,equipment for processing hams,Food Related Products
distributor,equipment for smoking meats,Food Related Products
distributor,equipment for the production of beet sugar,Agriculture & Livestock
distributor,equipment for the treatment of sludge,Machinery & Equipment
distributor,equipment tools,Machinery & Equipment
distributor,"equipment, reconditioned",Machinery & Equipment
distributor,equipped offices services,Construction Buildings
distributor,erection of industrial plants,Construction Residential
distributor,"essences, nonfood",Food Related Products
distributor,essential oils,Food Related Products
distributor,essential oils for the body,Food Related Products
distributor,estate agents,Machinery & Equipment
distributor,evacuation systems,Construction Buildings
distributor,exhaust system,Automotive LDV
distributor,exhausting plants,Automotive LDV
distributor,"exhibitions, stand fittings",Other Industry
distributor,exotic fruit,Agriculture & Livestock
distributor,exotic fruit drink,Food Related Products
distributor,exotic plants,Agriculture & Livestock
distributor,expensive,Food Related Products
distributor,export,Other Transport
distributor,export pulses,Agriculture & Livestock
distributor,export service,Gas Energy
distributor,exports of second-hand garments,Other Industry
distributor,express delivery,Other Transport
distributor,express delivery service,Other Transport
distributor,expresso machines for cafés,Food Related Products
distributor,exterior lighting,Renewable Energy
distributor,extract,Construction Buildings
distributor,extraction equipment ores,Machinery & Equipment
distributor,"extraction equipment, minerals",Machinery & Equipment
distributor,"extraction machinery, minerals",Machinery & Equipment
distributor,"extraction machinery, ores",Machinery & Equipment
distributor,extracts for animal feed,Food Related Products
distributor,extracts for beverages,Food Related Products
distributor,extracts for food supplements,Food Related Products
distributor,eyeglass,Other Industry
distributor,eyeglass accessory,Automotive LDV
distributor,eyeglass lenses,Construction Residential
distributor,eyeglasses frame,Machinery & Equipment
distributor,fabric printing equipment,Machinery & Equipment
distributor,fabric printing machinery,Machinery & Equipment
distributor,fabric stocks,A: Agriculture & Livest
distributor,factory fittings,Machinery & Equipment
distributor,false ceilings,Construction Buildings
distributor,fan ovens for professional bakeries,Food Related Products
distributor,fans,Food Related Products
distributor,farm machinery,Machinery & Equipment
distributor,farm machinery repair shops,Machinery & Equipment
distributor,farmed caviar,Agriculture & Livestock
distributor,farming advice,Food Related Products
distributor,farming industrial machinery,Machinery & Equipment
distributor,farming machinery,Machinery & Equipment
distributor,farming machinery sales,Machinery & Equipment
distributor,farms tools,Machinery & Equipment
distributor,fastener,Machinery & Equipment
distributor,"fasteners, metal",Iron & Steel
distributor,fastening devices,Shipping
distributor,fatty acids,Food Related Products
distributor,façade work contractors,Construction Buildings
distributor,feather bedding collection,Other Industry
distributor,feed distribution systems,Machinery & Equipment
distributor,feeding equipment,Machinery & Equipment
distributor,fences,Construction Residential
distributor,fermented oat drink powders,Food Related Products
distributor,ferrous metal sheet,Construction Buildings
distributor,filler,Machinery & Equipment
distributor,filling of bottles,Construction Residential
distributor,filling of cartridges,Construction Residential
distributor,filling of tubes,Construction Residential
distributor,filling of tubs,Construction Residential
distributor,filling systems,Machinery & Equipment
distributor,filter equipment,Machinery & Equipment
distributor,filtering supplies,Shipping
distributor,filters,Automotive HDV
